name,email,company,website
Alice Chen,alice@techflow.io,TechFlow Solutions,techflow.io
Bob Martinez,bob.martinez@gmail.com,HealthFirst Clinic,healthfirst.com
Carol Johnson,,RetailNow,
David Lee,d.lee@cloudbase.ai,CloudBase AI,cloudbase.ai
Emma Wilson,emma@legalfirm.com,Wilson Associates Law,wilsonlaw.com
Frank Nguyen,frank@,BrokenEmail Corp,
Grace Kim,grace.kim@shopify.com,GraceShop,graceshop.io
Henry Brown,,,
Ivan Petrov,ivan@fintech.io,NovaPay Finance,novapay.io
Julia Adams,julia@edulearn.com,EduLearn Academy,edulearn.com
Alice Chen,alice@techflow.io,TechFlow Solutions,techflow.io
Kevin Zhang,kevin@growthagency.com,GrowthLab Agency,growthlab.co
Laura Scott,laura@biomed.org,BioMed Research,biomed.org
Mike Johnson,mike@logistics.com,FastFreight Logistics,fastfreight.com
Nancy Lee,nancylee@realty.com,Premier Realty Group,premierrealty.com
